,mean,std,min,max
build,1.9073486328124998e-07,2.3410185388449053e-07,0.0,5.960464477539062e-07
contains,1.1920928955078125e-07,1.3058723390225558e-07,0.0,2.384185791015625e-07
delete,7.152557373046876e-08,1.1860563194812824e-07,0.0,2.384185791015625e-07
insert,1.9073486328124998e-07,2.3410185388449053e-07,0.0,5.960464477539062e-07
size,64.0,0.0,64.0,64.0
