,mean,std,min,max
build,2.384185791015625e-07,2.0874191242939091e-07,1.1920928955078125e-07,5.960464477539062e-07
contains,7.152557373046875e-08,6.529361695112779e-08,0.0,1.1920928955078125e-07
delete,7.152557373046876e-08,1.1860563194812824e-07,0.0,2.384185791015625e-07
insert,2.384185791015625e-07,2.0874191242939091e-07,1.1920928955078125e-07,5.960464477539062e-07
size,216.0,0.0,216.0,216.0
