,mean,std,min,max
build,1.430511474609375e-07,1.3058723390225558e-07,0.0,2.384185791015625e-07
contains,9.5367431640625e-08,1.1860563194812824e-07,0.0,2.384185791015625e-07
delete,2.384185791015625e-08,5.331201499700046e-08,0.0,1.1920928955078125e-07
insert,1.430511474609375e-07,1.3058723390225558e-07,0.0,2.384185791015625e-07
size,508.0,12.649110640673518,492.0,524.0
