{
  "stats": {
    "max": 250,
    "min": 1,
    "mean": 22.08574,
    "num_non_ascii": 8620
  },
  "test_words": [
    "Campbell Pocket",
    "Category:Convents in Calabria",
    "DEEP2-GRS 11040749",
    "Teresa Merrill School",
    "AIM"
  ],
  "results": {
    "set": {
      "mean": {
        "contains": 1.7452239990234376e-06,
        "delete": 3.6811828613281253e-06,
        "edit_distance": 0.5256434059143066,
        "insert": 0.0040790939331054685,
        "prefixes_of": 0.029613370895385745,
        "size": 11060760.0,
        "starts_with": 0.02588913917541504
      },
      "std": {
        "contains": 2.570404263482779e-07,
        "delete": 6.07632108976303e-07,
        "edit_distance": 0.0092292996495445,
        "insert": 0.00035521701014777575,
        "prefixes_of": 0.005135957061783998,
        "size": 0.0,
        "starts_with": 0.004102480794406246
      },
      "min": {
        "contains": 1.430511474609375e-06,
        "delete": 3.147125244140625e-06,
        "edit_distance": 0.5151902198791504,
        "insert": 0.0036102294921875,
        "prefixes_of": 0.02477097511291504,
        "size": 11060760.0,
        "starts_with": 0.022733163833618165
      },
      "max": {
        "contains": 2.09808349609375e-06,
        "delete": 4.625320434570312e-06,
        "edit_distance": 0.5383918762207032,
        "insert": 0.0045015811920166016,
        "prefixes_of": 0.03707036972045898,
        "size": 11060760.0,
        "starts_with": 0.03198738098144531
      }
    },
    "sorted_set": {
      "mean": {
        "contains": 3.3664703369140623e-06,
        "delete": 2.366065979003906e-05,
        "edit_distance": 0.7433478832244873,
        "insert": 0.06378592491149902,
        "prefixes_of": 0.00014394760131835937,
        "size": 11915068.8,
        "starts_with": 9.383201599121094e-05
      },
      "std": {
        "contains": 5.746110367123352e-07,
        "delete": 2.5631254946882257e-06,
        "edit_distance": 0.010316465741266698,
        "insert": 0.0040647285100163365,
        "prefixes_of": 9.130864150849947e-06,
        "size": 0.0,
        "starts_with": 2.8273870482937775e-06
      },
      "min": {
        "contains": 2.6702880859375e-06,
        "delete": 2.0313262939453126e-05,
        "edit_distance": 0.7322850704193116,
        "insert": 0.0603600025177002,
        "prefixes_of": 0.00013513565063476561,
        "size": 11915068.8,
        "starts_with": 9.050369262695313e-05
      },
      "max": {
        "contains": 4.148483276367187e-06,
        "delete": 2.6798248291015626e-05,
        "edit_distance": 0.7560970306396484,
        "insert": 0.06982769966125488,
        "prefixes_of": 0.00015745162963867187,
        "size": 11915068.8,
        "starts_with": 9.760856628417968e-05
      }
    },
    "rtrie_lexicon": {
      "mean": {
        "contains": 5.246162414550782e-05,
        "delete": 0.00010284423828125,
        "edit_distance": 0.404703197479248,
        "insert": 1.4755872726440429,
        "prefixes_of": 2.4557113647460938e-05,
        "size": 21471539.2,
        "starts_with": 2.1991729736328127e-05
      },
      "std": {
        "contains": 6.058920465770916e-06,
        "delete": 4.775440568964667e-06,
        "edit_distance": 0.026207795505245945,
        "insert": 0.02376292096287775,
        "prefixes_of": 1.5165675562989157e-06,
        "size": 0.0,
        "starts_with": 7.451619568637906e-06
      },
      "min": {
        "contains": 4.7159194946289065e-05,
        "delete": 9.856224060058593e-05,
        "edit_distance": 0.37142534255981446,
        "insert": 1.443683958053589,
        "prefixes_of": 2.3174285888671876e-05,
        "size": 21471539.2,
        "starts_with": 1.8405914306640626e-05
      },
      "max": {
        "contains": 6.227493286132812e-05,
        "delete": 0.00011019706726074218,
        "edit_distance": 0.43889431953430175,
        "insert": 1.5025147914886474,
        "prefixes_of": 2.6941299438476562e-05,
        "size": 21471539.2,
        "starts_with": 3.5190582275390624e-05
      }
    },
    "dict": {
      "mean": {
        "contains": 2.536773681640625e-06,
        "delete": 4.940032958984375e-06,
        "edit_distance": 0.5034171676635741,
        "insert": 0.00677037239074707,
        "prefixes_of": 0.01608220100402832,
        "size": 16180574.4,
        "starts_with": 0.015364675521850585
      },
      "std": {
        "contains": 3.475430408144027e-07,
        "delete": 7.590622438849033e-07,
        "edit_distance": 0.0030333107147269326,
        "insert": 0.0010265335464266063,
        "prefixes_of": 0.0011979275681773894,
        "size": 0.0,
        "starts_with": 0.001141547198638596
      },
      "min": {
        "contains": 2.1457672119140625e-06,
        "delete": 4.148483276367187e-06,
        "edit_distance": 0.49984049797058105,
        "insert": 0.005890703201293946,
        "prefixes_of": 0.015076398849487305,
        "size": 16180574.4,
        "starts_with": 0.014516592025756836
      },
      "max": {
        "contains": 3.0040740966796874e-06,
        "delete": 6.103515625e-06,
        "edit_distance": 0.5068948268890381,
        "insert": 0.008365726470947266,
        "prefixes_of": 0.017818260192871093,
        "size": 16180574.4,
        "starts_with": 0.017272567749023436
      }
    },
    "sorted_dict": {
      "mean": {
        "contains": 2.1362304687499998e-06,
        "delete": 2.6159286499023437e-05,
        "edit_distance": 0.7239793205261231,
        "insert": 0.07749324798583984,
        "prefixes_of": 0.00014772415161132813,
        "size": 16180590.4,
        "starts_with": 8.730888366699218e-05
      },
      "std": {
        "contains": 4.0745344604370274e-07,
        "delete": 2.372801462107221e-06,
        "edit_distance": 0.01195299984623337,
        "insert": 0.0017144333750712785,
        "prefixes_of": 1.173264745776342e-05,
        "size": 0.0,
        "starts_with": 5.992569000407374e-06
      },
      "min": {
        "contains": 1.621246337890625e-06,
        "delete": 2.3174285888671876e-05,
        "edit_distance": 0.7108875274658203,
        "insert": 0.07587985992431641,
        "prefixes_of": 0.00013666152954101564,
        "size": 16180590.4,
        "starts_with": 8.177757263183594e-05
      },
      "max": {
        "contains": 2.6226043701171875e-06,
        "delete": 2.9277801513671874e-05,
        "edit_distance": 0.7410284996032714,
        "insert": 0.0799483299255371,
        "prefixes_of": 0.00016427040100097656,
        "size": 16180590.4,
        "starts_with": 9.627342224121094e-05
      }
    },
    "rtrie": {
      "mean": {
        "contains": 2.796173095703125e-05,
        "delete": 0.0029279708862304686,
        "edit_distance": 0.27415534973144534,
        "insert": 13.783840656280518,
        "prefixes_of": 9.80377197265625e-06,
        "size": 11408228.8,
        "starts_with": 2.591133117675781e-05
      },
      "std": {
        "contains": 1.4653149071838e-06,
        "delete": 0.00013475288042801164,
        "edit_distance": 0.017379854956984964,
        "insert": 0.19923223478966712,
        "prefixes_of": 3.5331184990883053e-07,
        "size": 0.0,
        "starts_with": 7.75606903603748e-06
      },
      "min": {
        "contains": 2.651214599609375e-05,
        "delete": 0.002788352966308594,
        "edit_distance": 0.25626349449157715,
        "insert": 13.524954128265382,
        "prefixes_of": 9.34600830078125e-06,
        "size": 11408228.8,
        "starts_with": 2.0265579223632812e-05
      },
      "max": {
        "contains": 3.0088424682617188e-05,
        "delete": 0.0031178951263427734,
        "edit_distance": 0.301345682144165,
        "insert": 14.020719242095947,
        "prefixes_of": 1.0251998901367188e-05,
        "size": 11408228.8,
        "starts_with": 3.809928894042969e-05
      }
    }
  }
}