{
  "stats": {
    "max": 250,
    "min": 1,
    "mean": 22.1157,
    "num_non_ascii": 827
  },
  "test_words": [
    "Dirk Maxeiner",
    "Auguste Gady",
    "Hypothetical protein MAB_4682c",
    "Laguna Avellanito",
    "TYC 3982-33-1"
  ],
  "results": {
    "set": {
      "mean": {
        "contains": 6.580352783203126e-07,
        "delete": 2.1743774414062502e-06,
        "edit_distance": 0.051104440689086914,
        "insert": 0.0003089714050292969,
        "prefixes_of": 0.0020720767974853516,
        "size": 1211600.0,
        "starts_with": 0.0021727561950683595
      },
      "std": {
        "contains": 1.8701445806287076e-07,
        "delete": 8.983065755919381e-07,
        "edit_distance": 0.0012554797866065957,
        "insert": 4.493330664050475e-05,
        "prefixes_of": 0.0001595565974638692,
        "size": 0.0,
        "starts_with": 0.0003742983487976123
      },
      "min": {
        "contains": 4.76837158203125e-07,
        "delete": 1.3828277587890625e-06,
        "edit_distance": 0.050034618377685545,
        "insert": 0.0002749919891357422,
        "prefixes_of": 0.001966714859008789,
        "size": 1211600.0,
        "starts_with": 0.0019403457641601562
      },
      "max": {
        "contains": 9.059906005859375e-07,
        "delete": 3.5762786865234375e-06,
        "edit_distance": 0.05305848121643066,
        "insert": 0.00038204193115234377,
        "prefixes_of": 0.002335214614868164,
        "size": 1211600.0,
        "starts_with": 0.002802276611328125
      }
    },
    "sorted_set": {
      "mean": {
        "contains": 1.621246337890625e-06,
        "delete": 1.4696121215820313e-05,
        "edit_distance": 0.06581113815307617,
        "insert": 0.004481954574584961,
        "prefixes_of": 8.472442626953125e-05,
        "size": 1298216.0,
        "starts_with": 5.92041015625e-05
      },
      "std": {
        "contains": 6.52243954341298e-07,
        "delete": 3.401961465208277e-06,
        "edit_distance": 0.0009467713105218093,
        "insert": 9.709182546917847e-05,
        "prefixes_of": 7.071140148684808e-06,
        "size": 0.0,
        "starts_with": 1.9047828600835713e-06
      },
      "min": {
        "contains": 1.049041748046875e-06,
        "delete": 1.1682510375976562e-05,
        "edit_distance": 0.06491599082946778,
        "insert": 0.004387187957763672,
        "prefixes_of": 7.805824279785156e-05,
        "size": 1298216.0,
        "starts_with": 5.7125091552734374e-05
      },
      "max": {
        "contains": 2.7179718017578126e-06,
        "delete": 1.9502639770507812e-05,
        "edit_distance": 0.06714043617248536,
        "insert": 0.004624462127685547,
        "prefixes_of": 9.522438049316406e-05,
        "size": 1298216.0,
        "starts_with": 6.1798095703125e-05
      }
    },
    "rtrie_lexicon": {
      "mean": {
        "contains": 3.098487854003906e-05,
        "delete": 8.876800537109375e-05,
        "edit_distance": 0.033961153030395506,
        "insert": 0.1287287902832031,
        "prefixes_of": 2.017974853515625e-05,
        "size": 2238060.8,
        "starts_with": 1.575469970703125e-05
      },
      "std": {
        "contains": 1.7640298257408938e-06,
        "delete": 5.433618388425061e-06,
        "edit_distance": 0.002734230368541324,
        "insert": 0.00413550826771861,
        "prefixes_of": 3.754676187280527e-07,
        "size": 0.0,
        "starts_with": 1.027015399605559e-06
      },
      "min": {
        "contains": 2.9039382934570312e-05,
        "delete": 8.358955383300782e-05,
        "edit_distance": 0.03216586112976074,
        "insert": 0.1246373176574707,
        "prefixes_of": 1.9741058349609374e-05,
        "size": 2238060.8,
        "starts_with": 1.4925003051757813e-05
      },
      "max": {
        "contains": 3.3235549926757814e-05,
        "delete": 9.613037109375e-05,
        "edit_distance": 0.03864254951477051,
        "insert": 0.1349320411682129,
        "prefixes_of": 2.0599365234375e-05,
        "size": 2238060.8,
        "starts_with": 1.735687255859375e-05
      }
    },
    "dict": {
      "mean": {
        "contains": 1.7833709716796874e-06,
        "delete": 3.1375885009765625e-06,
        "edit_distance": 0.05035083770751954,
        "insert": 0.0003678512573242187,
        "prefixes_of": 0.001858205795288086,
        "size": 1441542.4,
        "starts_with": 0.0017801856994628905
      },
      "std": {
        "contains": 5.037288652940275e-07,
        "delete": 4.527287548531585e-07,
        "edit_distance": 0.0006662058880837934,
        "insert": 2.4608193041641085e-05,
        "prefixes_of": 0.00041913782853639887,
        "size": 0.0,
        "starts_with": 0.0004577373663638638
      },
      "min": {
        "contains": 1.1444091796875e-06,
        "delete": 2.6226043701171875e-06,
        "edit_distance": 0.04952349662780762,
        "insert": 0.0003462314605712891,
        "prefixes_of": 0.0015128135681152343,
        "size": 1441542.4,
        "starts_with": 0.0014720439910888671
      },
      "max": {
        "contains": 2.384185791015625e-06,
        "delete": 3.719329833984375e-06,
        "edit_distance": 0.051186656951904295,
        "insert": 0.0004081249237060547,
        "prefixes_of": 0.0025093555450439453,
        "size": 1441542.4,
        "starts_with": 0.0025597572326660155
      }
    },
    "sorted_dict": {
      "mean": {
        "contains": 1.2111663818359375e-06,
        "delete": 1.8177032470703124e-05,
        "edit_distance": 0.0638535499572754,
        "insert": 0.005548591613769531,
        "prefixes_of": 9.686470031738282e-05,
        "size": 1441558.4,
        "starts_with": 6.158828735351562e-05
      },
      "std": {
        "contains": 2.9231595777173745e-07,
        "delete": 2.417866617768846e-06,
        "edit_distance": 0.0014303139685215391,
        "insert": 0.000116784745966075,
        "prefixes_of": 1.1128380564624016e-05,
        "size": 0.0,
        "starts_with": 1.9336621782932812e-05
      },
      "min": {
        "contains": 8.58306884765625e-07,
        "delete": 1.56402587890625e-05,
        "edit_distance": 0.06273341178894043,
        "insert": 0.005459260940551758,
        "prefixes_of": 8.749961853027344e-05,
        "size": 1441558.4,
        "starts_with": 5.116462707519531e-05
      },
      "max": {
        "contains": 1.5735626220703124e-06,
        "delete": 2.13623046875e-05,
        "edit_distance": 0.06608624458312988,
        "insert": 0.0057430267333984375,
        "prefixes_of": 0.00011487007141113282,
        "size": 1441558.4,
        "starts_with": 9.555816650390625e-05
      }
    },
    "rtrie": {
      "mean": {
        "contains": 1.9092559814453125e-05,
        "delete": 0.00034214019775390624,
        "edit_distance": 0.024131355285644532,
        "insert": 0.16790748596191407,
        "prefixes_of": 1.0166168212890625e-05,
        "size": 1250790.4,
        "starts_with": 1.1835098266601563e-05
      },
      "std": {
        "contains": 1.2786444206439612e-06,
        "delete": 2.2335172354959886e-05,
        "edit_distance": 0.004969208786574383,
        "insert": 0.003814454676488271,
        "prefixes_of": 3.7772015383008625e-07,
        "size": 0.0,
        "starts_with": 3.1643228756513876e-07
      },
      "min": {
        "contains": 1.79290771484375e-05,
        "delete": 0.00032095909118652345,
        "edit_distance": 0.020151853561401367,
        "insert": 0.16337432861328124,
        "prefixes_of": 9.775161743164062e-06,
        "size": 1250790.4,
        "starts_with": 1.1491775512695313e-05
      },
      "max": {
        "contains": 2.1076202392578126e-05,
        "delete": 0.0003754138946533203,
        "edit_distance": 0.030905532836914062,
        "insert": 0.17238612174987794,
        "prefixes_of": 1.068115234375e-05,
        "size": 1250790.4,
        "starts_with": 1.2254714965820312e-05
      }
    }
  }
}