{
  "stats": {
    "max": 197,
    "min": 1,
    "mean": 20.823,
    "num_non_ascii": 102
  },
  "test_words": [
    "Stolperstein dedicated to Paula Kitzinger n\u00e9e L\u00f6w",
    "Dawson Creek Secondary School",
    "N\u0101z\u014d Ghar",
    "Decreto-Lei n\u00ba 6989, de 26 de outubro de 1944",
    "MGL_0811"
  ],
  "results": {
    "set": {
      "mean": {
        "contains": 5.054473876953125e-07,
        "delete": 1.506805419921875e-06,
        "edit_distance": 0.006798992156982422,
        "insert": 2.979278564453125e-05,
        "prefixes_of": 0.00022952079772949218,
        "size": 100984.0,
        "starts_with": 0.00017853736877441404
      },
      "std": {
        "contains": 2.1893531218513066e-07,
        "delete": 1.0305262829814668e-06,
        "edit_distance": 0.0004853374833061386,
        "insert": 6.56631051278195e-06,
        "prefixes_of": 0.00011230478218816178,
        "size": 0.0,
        "starts_with": 7.066127048888584e-06
      },
      "min": {
        "contains": 2.86102294921875e-07,
        "delete": 7.152557373046875e-07,
        "edit_distance": 0.006453466415405273,
        "insert": 2.4080276489257812e-05,
        "prefixes_of": 0.0001761913299560547,
        "size": 100984.0,
        "starts_with": 0.00017309188842773438
      },
      "max": {
        "contains": 8.106231689453125e-07,
        "delete": 3.24249267578125e-06,
        "edit_distance": 0.007621049880981445,
        "insert": 4.0149688720703126e-05,
        "prefixes_of": 0.0004288196563720703,
        "size": 100984.0,
        "starts_with": 0.0001903057098388672
      }
    },
    "sorted_set": {
      "mean": {
        "contains": 1.10626220703125e-06,
        "delete": 1.0223388671875e-05,
        "edit_distance": 0.007092857360839843,
        "insert": 0.00037479400634765625,
        "prefixes_of": 2.9439926147460935e-05,
        "size": 111528.0,
        "starts_with": 2.3059844970703125e-05
      },
      "std": {
        "contains": 2.2143030507707043e-07,
        "delete": 2.4868406913970306e-06,
        "edit_distance": 0.00032768438387440103,
        "insert": 4.186345170622266e-05,
        "prefixes_of": 3.183539400087792e-06,
        "size": 0.0,
        "starts_with": 3.006757399658565e-06
      },
      "min": {
        "contains": 8.58306884765625e-07,
        "delete": 8.0108642578125e-06,
        "edit_distance": 0.006851482391357422,
        "insert": 0.00034880638122558594,
        "prefixes_of": 2.703666687011719e-05,
        "size": 111528.0,
        "starts_with": 2.131462097167969e-05
      },
      "max": {
        "contains": 1.3828277587890625e-06,
        "delete": 1.4019012451171874e-05,
        "edit_distance": 0.007637119293212891,
        "insert": 0.0004464626312255859,
        "prefixes_of": 3.4761428833007815e-05,
        "size": 111528.0,
        "starts_with": 2.8181076049804688e-05
      }
    },
    "rtrie_lexicon": {
      "mean": {
        "contains": 2.547264099121094e-05,
        "delete": 8.638381958007812e-05,
        "edit_distance": 0.0029976367950439453,
        "insert": 0.012163934707641603,
        "prefixes_of": 1.7824172973632814e-05,
        "size": 221452.8,
        "starts_with": 1.0404586791992188e-05
      },
      "std": {
        "contains": 5.0574030606139826e-06,
        "delete": 8.343272362188603e-06,
        "edit_distance": 0.00014719240958138642,
        "insert": 0.0008020930486296593,
        "prefixes_of": 9.019430942832234e-06,
        "size": 0.0,
        "starts_with": 8.572075473329623e-07
      },
      "min": {
        "contains": 2.02178955078125e-05,
        "delete": 7.901191711425781e-05,
        "edit_distance": 0.0028223514556884764,
        "insert": 0.01140589714050293,
        "prefixes_of": 1.3113021850585938e-05,
        "size": 221452.8,
        "starts_with": 9.5367431640625e-06
      },
      "max": {
        "contains": 3.3283233642578124e-05,
        "delete": 9.951591491699218e-05,
        "edit_distance": 0.0032033920288085938,
        "insert": 0.013392210006713867,
        "prefixes_of": 3.376007080078125e-05,
        "size": 221452.8,
        "starts_with": 1.1682510375976562e-05
      }
    },
    "dict": {
      "mean": {
        "contains": 6.103515625e-07,
        "delete": 2.0408630371093747e-06,
        "edit_distance": 0.0069650268554687506,
        "insert": 5.845069885253906e-05,
        "prefixes_of": 0.00015575408935546874,
        "size": 148692.8,
        "starts_with": 0.0001557159423828125
      },
      "std": {
        "contains": 2.015928764600937e-07,
        "delete": 5.343263327633308e-07,
        "edit_distance": 0.00035544641130702754,
        "insert": 2.9677916571274012e-05,
        "prefixes_of": 5.23972641160465e-06,
        "size": 0.0,
        "starts_with": 7.571074524637936e-06
      },
      "min": {
        "contains": 3.337860107421875e-07,
        "delete": 1.33514404296875e-06,
        "edit_distance": 0.006580972671508789,
        "insert": 4.08172607421875e-05,
        "prefixes_of": 0.0001494884490966797,
        "size": 148692.8,
        "starts_with": 0.00014929771423339845
      },
      "max": {
        "contains": 8.58306884765625e-07,
        "delete": 2.6702880859375e-06,
        "edit_distance": 0.007431554794311524,
        "insert": 0.00010991096496582031,
        "prefixes_of": 0.000162506103515625,
        "size": 148692.8,
        "starts_with": 0.00016736984252929688
      }
    },
    "sorted_dict": {
      "mean": {
        "contains": 7.05718994140625e-07,
        "delete": 1.6574859619140627e-05,
        "edit_distance": 0.007613668441772461,
        "insert": 0.0005048751831054687,
        "prefixes_of": 3.16619873046875e-05,
        "size": 148708.8,
        "starts_with": 2.1505355834960938e-05
      },
      "std": {
        "contains": 2.5598259301662866e-07,
        "delete": 5.256873651413862e-06,
        "edit_distance": 0.000596740478601957,
        "insert": 3.77654345538815e-05,
        "prefixes_of": 2.0180067533067795e-06,
        "size": 0.0,
        "starts_with": 8.389457761625403e-07
      },
      "min": {
        "contains": 4.76837158203125e-07,
        "delete": 1.1968612670898438e-05,
        "edit_distance": 0.007044744491577148,
        "insert": 0.00046787261962890627,
        "prefixes_of": 2.918243408203125e-05,
        "size": 148708.8,
        "starts_with": 2.0313262939453126e-05
      },
      "max": {
        "contains": 1.0967254638671874e-06,
        "delete": 2.5224685668945312e-05,
        "edit_distance": 0.008570623397827149,
        "insert": 0.0005616188049316406,
        "prefixes_of": 3.409385681152344e-05,
        "size": 148708.8,
        "starts_with": 2.2411346435546875e-05
      }
    },
    "rtrie": {
      "mean": {
        "contains": 2.3250579833984377e-05,
        "delete": 0.00010581016540527344,
        "edit_distance": 0.002342643737792969,
        "insert": 0.010209913253784179,
        "prefixes_of": 1.2769699096679688e-05,
        "size": 152892.8,
        "starts_with": 1.1129379272460936e-05
      },
      "std": {
        "contains": 6.4913890222063495e-06,
        "delete": 5.000307572106172e-06,
        "edit_distance": 0.00017976081644725174,
        "insert": 0.0004652588794252517,
        "prefixes_of": 3.6739767091508235e-06,
        "size": 0.0,
        "starts_with": 1.214668423273674e-06
      },
      "min": {
        "contains": 1.79290771484375e-05,
        "delete": 9.989738464355469e-05,
        "edit_distance": 0.0021903514862060547,
        "insert": 0.00971217155456543,
        "prefixes_of": 1.0824203491210937e-05,
        "size": 152892.8,
        "starts_with": 9.918212890625e-06
      },
      "max": {
        "contains": 3.31878662109375e-05,
        "delete": 0.00011186599731445312,
        "edit_distance": 0.002623462677001953,
        "insert": 0.010843706130981446,
        "prefixes_of": 1.9216537475585936e-05,
        "size": 152892.8,
        "starts_with": 1.2874603271484375e-05
      }
    }
  }
}