{
  "stats": {
    "max": 32,
    "min": 6,
    "mean": 15.9,
    "num_non_ascii": 0
  },
  "test_words": [
    "Michael Kempe",
    "(-)-Austrosene",
    "Tunica argentii",
    "Glemont School",
    "PurPur"
  ],
  "results": {
    "set": {
      "mean": {
        "contains": 3.528594970703125e-07,
        "delete": 4.3869018554687507e-07,
        "edit_distance": 4.9753189086914064e-05,
        "insert": 1.010894775390625e-06,
        "prefixes_of": 2.8133392333984377e-06,
        "size": 1388.8,
        "starts_with": 2.17437744140625e-06
      },
      "std": {
        "contains": 1.3957220528361948e-07,
        "delete": 2.84288835197642e-07,
        "edit_distance": 6.828100832117014e-06,
        "insert": 5.826055394116005e-07,
        "prefixes_of": 2.7366519863797266e-07,
        "size": 0.0,
        "starts_with": 1.4997962855849678e-07
      },
      "min": {
        "contains": 2.384185791015625e-07,
        "delete": 2.384185791015625e-07,
        "edit_distance": 4.4298171997070315e-05,
        "insert": 5.7220458984375e-07,
        "prefixes_of": 2.5272369384765624e-06,
        "size": 1388.8,
        "starts_with": 2.002716064453125e-06
      },
      "max": {
        "contains": 5.245208740234375e-07,
        "delete": 9.059906005859375e-07,
        "edit_distance": 6.06536865234375e-05,
        "insert": 2.002716064453125e-06,
        "prefixes_of": 3.1948089599609376e-06,
        "size": 1388.8,
        "starts_with": 2.384185791015625e-06
      }
    },
    "sorted_set": {
      "mean": {
        "contains": 7.915496826171876e-07,
        "delete": 6.4849853515625e-06,
        "edit_distance": 6.045341491699219e-05,
        "insert": 5.970001220703125e-06,
        "prefixes_of": 1.224517822265625e-05,
        "size": 3348.16,
        "starts_with": 8.716583251953126e-06
      },
      "std": {
        "contains": 1.760442371464691e-07,
        "delete": 3.3570714715973517e-06,
        "edit_distance": 4.302539224325015e-06,
        "insert": 1.45802869366786e-06,
        "prefixes_of": 1.1191729184665987e-06,
        "size": 13.97259877775235,
        "starts_with": 3.8377385029904524e-07
      },
      "min": {
        "contains": 6.198883056640625e-07,
        "delete": 4.291534423828125e-06,
        "edit_distance": 5.702972412109375e-05,
        "insert": 4.76837158203125e-06,
        "prefixes_of": 1.1348724365234375e-05,
        "size": 3331.2,
        "starts_with": 8.344650268554688e-06
      },
      "max": {
        "contains": 1.049041748046875e-06,
        "delete": 1.220703125e-05,
        "edit_distance": 6.780624389648437e-05,
        "insert": 8.344650268554688e-06,
        "prefixes_of": 1.4019012451171874e-05,
        "size": 3366.4,
        "starts_with": 9.298324584960938e-06
      }
    },
    "rtrie_lexicon": {
      "mean": {
        "contains": 1.4009475708007814e-05,
        "delete": 3.479957580566406e-05,
        "edit_distance": 6.433486938476563e-05,
        "insert": 0.0001584625244140625,
        "prefixes_of": 4.968643188476562e-06,
        "size": 2040.0,
        "starts_with": 3.7670135498046877e-06
      },
      "std": {
        "contains": 1.586423648040817e-05,
        "delete": 9.570352044330048e-06,
        "edit_distance": 5.469151513508555e-05,
        "insert": 0.0001238631122953364,
        "prefixes_of": 5.649419457685003e-07,
        "size": 0.0,
        "starts_with": 5.176226158760038e-07
      },
      "min": {
        "contains": 6.055831909179687e-06,
        "delete": 2.8753280639648436e-05,
        "edit_distance": 3.786087036132813e-05,
        "insert": 9.036064147949219e-05,
        "prefixes_of": 4.434585571289063e-06,
        "size": 2040.0,
        "starts_with": 3.2901763916015627e-06
      },
      "max": {
        "contains": 4.220008850097656e-05,
        "delete": 5.116462707519531e-05,
        "edit_distance": 0.0001617431640625,
        "insert": 0.00037689208984375,
        "prefixes_of": 5.769729614257812e-06,
        "size": 2040.0,
        "starts_with": 4.57763671875e-06
      }
    },
    "dict": {
      "mean": {
        "contains": 4.1961669921875006e-07,
        "delete": 5.14984130859375e-07,
        "edit_distance": 5.178451538085937e-05,
        "insert": 1.1825561523437498e-06,
        "prefixes_of": 2.9277801513671873e-06,
        "size": 1475.2,
        "starts_with": 2.288818359375e-06
      },
      "std": {
        "contains": 1.3477956450196856e-07,
        "delete": 1.3957220528361948e-07,
        "edit_distance": 1.1180263487891378e-05,
        "insert": 3.0106668998214544e-07,
        "prefixes_of": 2.702001900825226e-07,
        "size": 0.0,
        "starts_with": 1.8425990500873641e-07
      },
      "min": {
        "contains": 2.86102294921875e-07,
        "delete": 3.814697265625e-07,
        "edit_distance": 4.5251846313476565e-05,
        "insert": 8.58306884765625e-07,
        "prefixes_of": 2.6702880859375e-06,
        "size": 1475.2,
        "starts_with": 2.09808349609375e-06
      },
      "max": {
        "contains": 5.7220458984375e-07,
        "delete": 6.67572021484375e-07,
        "edit_distance": 7.123947143554688e-05,
        "insert": 1.621246337890625e-06,
        "prefixes_of": 3.2901763916015627e-06,
        "size": 1475.2,
        "starts_with": 2.47955322265625e-06
      }
    },
    "sorted_dict": {
      "mean": {
        "contains": 5.245208740234375e-07,
        "delete": 6.875991821289062e-06,
        "edit_distance": 6.934165954589845e-05,
        "insert": 8.134841918945312e-06,
        "prefixes_of": 1.6279220581054688e-05,
        "size": 1491.2,
        "starts_with": 1.190185546875e-05
      },
      "std": {
        "contains": 1.3620201639548193e-07,
        "delete": 1.1559119912611693e-06,
        "edit_distance": 1.2151839642225908e-05,
        "insert": 1.1543246978055809e-06,
        "prefixes_of": 6.958204340072459e-06,
        "size": 0.0,
        "starts_with": 6.932599075486191e-06
      },
      "min": {
        "contains": 3.814697265625e-07,
        "delete": 5.626678466796875e-06,
        "edit_distance": 5.879402160644531e-05,
        "insert": 6.961822509765625e-06,
        "prefixes_of": 1.220703125e-05,
        "size": 1491.2,
        "starts_with": 8.344650268554688e-06
      },
      "max": {
        "contains": 7.152557373046875e-07,
        "delete": 8.58306884765625e-06,
        "edit_distance": 8.358955383300782e-05,
        "insert": 9.965896606445312e-06,
        "prefixes_of": 2.8371810913085938e-05,
        "size": 1491.2,
        "starts_with": 2.422332763671875e-05
      }
    },
    "rtrie": {
      "mean": {
        "contains": 9.851455688476563e-06,
        "delete": 3.173828125e-05,
        "edit_distance": 4.228591918945312e-05,
        "insert": 0.00010900497436523437,
        "prefixes_of": 5.292892456054687e-06,
        "size": 2040.0,
        "starts_with": 5.4836273193359375e-06
      },
      "std": {
        "contains": 6.609513544228911e-06,
        "delete": 1.752015188939352e-06,
        "edit_distance": 7.164369348510965e-06,
        "insert": 2.7208113230016473e-05,
        "prefixes_of": 1.1738056551486659e-06,
        "size": 0.0,
        "starts_with": 4.25934897413561e-06
      },
      "min": {
        "contains": 6.246566772460937e-06,
        "delete": 2.989768981933594e-05,
        "edit_distance": 3.77655029296875e-05,
        "insert": 9.164810180664062e-05,
        "prefixes_of": 4.482269287109375e-06,
        "size": 2040.0,
        "starts_with": 3.337860107421875e-06
      },
      "max": {
        "contains": 2.131462097167969e-05,
        "delete": 3.428459167480469e-05,
        "edit_distance": 5.4454803466796876e-05,
        "insert": 0.00015668869018554689,
        "prefixes_of": 7.2479248046875e-06,
        "size": 2040.0,
        "starts_with": 1.3017654418945313e-05
      }
    }
  }
}