{
  "stats": {
    "max": 250,
    "min": 1,
    "mean": 22.257568,
    "num_non_ascii": 85045
  },
  "test_words": [
    "HD 234116",
    "El Tarra",
    "\u03b1-Fe",
    "Saskia Schmiemann",
    "[SPD2011] 6855"
  ],
  "results": {
    "set": {
      "mean": {
        "contains": 2.2602081298828126e-06,
        "delete": 3.948211669921875e-06,
        "edit_distance": 6.20785795211792,
        "insert": 0.06481940269470216,
        "prefixes_of": 0.5807562065124512,
        "size": 102361292.8,
        "starts_with": 0.5779296779632568
      },
      "std": {
        "contains": 4.879389787909124e-07,
        "delete": 4.299988934279838e-07,
        "edit_distance": 0.0323027472085065,
        "insert": 0.004919554203208687,
        "prefixes_of": 0.028952077637007727,
        "size": 0.0,
        "starts_with": 0.024724533826782212
      },
      "min": {
        "contains": 1.71661376953125e-06,
        "delete": 3.4809112548828124e-06,
        "edit_distance": 6.177119207382202,
        "insert": 0.060146665573120116,
        "prefixes_of": 0.5566846847534179,
        "size": 102361292.8,
        "starts_with": 0.5572918891906739
      },
      "max": {
        "contains": 2.9087066650390623e-06,
        "delete": 4.5299530029296875e-06,
        "edit_distance": 6.2558520317077635,
        "insert": 0.07098326683044434,
        "prefixes_of": 0.6264910221099853,
        "size": 102361292.8,
        "starts_with": 0.617656660079956
      }
    },
    "sorted_set": {
      "mean": {
        "contains": 5.159378051757813e-06,
        "delete": 3.069877624511719e-05,
        "edit_distance": 9.420214042663574,
        "insert": 1.2197177982330323,
        "prefixes_of": 0.00027785301208496096,
        "size": 110993300.8,
        "starts_with": 0.00015214920043945314
      },
      "std": {
        "contains": 4.587542858035323e-07,
        "delete": 9.909329757770845e-07,
        "edit_distance": 0.03562530684899301,
        "insert": 0.02814129618169836,
        "prefixes_of": 6.084367822770408e-06,
        "size": 0.0,
        "starts_with": 9.783676473888757e-06
      },
      "min": {
        "contains": 4.5299530029296875e-06,
        "delete": 2.9468536376953124e-05,
        "edit_distance": 9.386864614486694,
        "insert": 1.190881872177124,
        "prefixes_of": 0.0002705097198486328,
        "size": 110993300.8,
        "starts_with": 0.00014486312866210938
      },
      "max": {
        "contains": 5.7220458984375e-06,
        "delete": 3.1948089599609375e-05,
        "edit_distance": 9.478750801086425,
        "insert": 1.259954833984375,
        "prefixes_of": 0.0002857685089111328,
        "size": 110993300.8,
        "starts_with": 0.00016808509826660156
      }
    },
    "rtrie_lexicon": {
      "mean": {
        "contains": 7.342338562011718e-05,
        "delete": 0.0001232624053955078,
        "edit_distance": 6.434728651046752,
        "insert": 17.328529586791994,
        "prefixes_of": 3.314971923828125e-05,
        "size": 199303649.6,
        "starts_with": 2.564430236816406e-05
      },
      "std": {
        "contains": 1.8333897845738338e-06,
        "delete": 2.575969442312755e-06,
        "edit_distance": 0.22972951455230922,
        "insert": 0.17708382174357415,
        "prefixes_of": 1.9410295002066222e-06,
        "size": 0.0,
        "starts_with": 1.2789963049754767e-06
      },
      "min": {
        "contains": 7.081031799316406e-05,
        "delete": 0.00012044906616210937,
        "edit_distance": 6.059812450408936,
        "insert": 17.089031362533568,
        "prefixes_of": 3.16619873046875e-05,
        "size": 199303649.6,
        "starts_with": 2.4652481079101564e-05
      },
      "max": {
        "contains": 7.572174072265626e-05,
        "delete": 0.00012679100036621093,
        "edit_distance": 6.639945316314697,
        "insert": 17.50852675437927,
        "prefixes_of": 3.619194030761719e-05,
        "size": 199303649.6,
        "starts_with": 2.7751922607421876e-05
      }
    },
    "dict": {
      "mean": {
        "contains": 3.814697265625e-06,
        "delete": 8.192062377929687e-06,
        "edit_distance": 5.6826269245147705,
        "insert": 0.11557284355163575,
        "prefixes_of": 0.1599057102203369,
        "size": 154255422.4,
        "starts_with": 0.1563679027557373
      },
      "std": {
        "contains": 3.340110656927654e-07,
        "delete": 2.0693619357262475e-06,
        "edit_distance": 0.011753028749474263,
        "insert": 0.0027100008065550126,
        "prefixes_of": 0.011230188074930347,
        "size": 0.0,
        "starts_with": 0.012136642607723664
      },
      "min": {
        "contains": 3.337860107421875e-06,
        "delete": 6.29425048828125e-06,
        "edit_distance": 5.666174125671387,
        "insert": 0.11280226707458496,
        "prefixes_of": 0.1525186538696289,
        "size": 154255422.4,
        "starts_with": 0.14865350723266602
      },
      "max": {
        "contains": 4.1961669921875e-06,
        "delete": 1.125335693359375e-05,
        "edit_distance": 5.695541572570801,
        "insert": 0.11956439018249512,
        "prefixes_of": 0.17916545867919922,
        "size": 154255422.4,
        "starts_with": 0.17730112075805665
      }
    },
    "sorted_dict": {
      "mean": {
        "contains": 3.499984741210938e-06,
        "delete": 3.4027099609375e-05,
        "edit_distance": 9.166677379608155,
        "insert": 1.3950459671020508,
        "prefixes_of": 0.0002735710144042969,
        "size": 154255438.4,
        "starts_with": 0.00014299392700195312
      },
      "std": {
        "contains": 4.364877381171433e-07,
        "delete": 1.3045994819919362e-06,
        "edit_distance": 0.042460419234665446,
        "insert": 0.016969291352072147,
        "prefixes_of": 1.1781298225992456e-05,
        "size": 0.0,
        "starts_with": 1.4172282469321243e-05
      },
      "min": {
        "contains": 3.0517578125e-06,
        "delete": 3.237724304199219e-05,
        "edit_distance": 9.127123403549195,
        "insert": 1.3800052642822265,
        "prefixes_of": 0.00026073455810546873,
        "size": 154255438.4,
        "starts_with": 0.00013260841369628907
      },
      "max": {
        "contains": 4.0531158447265625e-06,
        "delete": 3.561973571777344e-05,
        "edit_distance": 9.231639575958251,
        "insert": 1.4207423686981202,
        "prefixes_of": 0.0002896308898925781,
        "size": 154255438.4,
        "starts_with": 0.00016627311706542968
      }
    },
    "rtrie": {
      "mean": {
        "contains": 3.8652420043945314e-05,
        "delete": 0.039869709014892576,
        "edit_distance": 5.372771406173706,
        "insert": 1703.886513595581,
        "prefixes_of": 1.1758804321289063e-05,
        "size": 109296193.6,
        "starts_with": 1.010894775390625e-05
      },
      "std": {
        "contains": 2.882624298255107e-06,
        "delete": 0.0024741855563668058,
        "edit_distance": 0.1070781352548316,
        "insert": 15.588403590752929,
        "prefixes_of": 4.334664074009097e-07,
        "size": 0.0,
        "starts_with": 4.4398228093593524e-07
      },
      "min": {
        "contains": 3.590583801269531e-05,
        "delete": 0.03751153945922851,
        "edit_distance": 5.229147291183471,
        "insert": 1685.949146747589,
        "prefixes_of": 1.1348724365234375e-05,
        "size": 109296193.6,
        "starts_with": 9.679794311523438e-06
      },
      "max": {
        "contains": 4.286766052246094e-05,
        "delete": 0.04328064918518067,
        "edit_distance": 5.478640174865722,
        "insert": 1724.0810100078584,
        "prefixes_of": 1.239776611328125e-05,
        "size": 109296193.6,
        "starts_with": 1.0728836059570312e-05
      }
    }
  }
}