{
  "stats": {
    "max": 76,
    "min": 3,
    "mean": 21.4,
    "num_non_ascii": 4
  },
  "test_words": [
    "[VV2006] J140940.4+465147",
    "IRAS 20309+5807",
    "OGLE BLG-ECL-7090",
    "late recombination nodule",
    "Francis Alexander Tarleton"
  ],
  "results": {
    "set": {
      "mean": {
        "contains": 3.528594970703125e-07,
        "delete": 6.103515625e-07,
        "edit_distance": 0.0005690479278564453,
        "insert": 4.46319580078125e-06,
        "prefixes_of": 2.0103454589843752e-05,
        "size": 15160.0,
        "starts_with": 1.857757568359375e-05
      },
      "std": {
        "contains": 1.1620931155730277e-07,
        "delete": 4.2272067477259604e-07,
        "edit_distance": 1.81439945896288e-05,
        "insert": 1.0100316715777649e-06,
        "prefixes_of": 9.399863673956812e-07,
        "size": 0.0,
        "starts_with": 7.945890949615309e-07
      },
      "min": {
        "contains": 2.86102294921875e-07,
        "delete": 2.384185791015625e-07,
        "edit_distance": 0.0005557537078857422,
        "insert": 3.5762786865234375e-06,
        "prefixes_of": 1.9216537475585936e-05,
        "size": 15160.0,
        "starts_with": 1.7833709716796874e-05
      },
      "max": {
        "contains": 5.245208740234375e-07,
        "delete": 1.2874603271484376e-06,
        "edit_distance": 0.0005975246429443359,
        "insert": 6.151199340820313e-06,
        "prefixes_of": 2.1505355834960938e-05,
        "size": 15160.0,
        "starts_with": 1.9788742065429688e-05
      }
    },
    "sorted_set": {
      "mean": {
        "contains": 9.72747802734375e-07,
        "delete": 7.381439208984375e-06,
        "edit_distance": 0.0008630180358886718,
        "insert": 3.85284423828125e-05,
        "prefixes_of": 1.9598007202148438e-05,
        "size": 17768.0,
        "starts_with": 1.6145706176757812e-05
      },
      "std": {
        "contains": 2.2924283102412586e-07,
        "delete": 1.5621166608492673e-06,
        "edit_distance": 0.00034799860517175805,
        "insert": 8.860880996102537e-06,
        "prefixes_of": 5.360920574944942e-06,
        "size": 0.0,
        "starts_with": 6.566703003641973e-06
      },
      "min": {
        "contains": 6.67572021484375e-07,
        "delete": 5.388259887695313e-06,
        "edit_distance": 0.0006029129028320313,
        "insert": 3.209114074707031e-05,
        "prefixes_of": 1.6689300537109375e-05,
        "size": 17768.0,
        "starts_with": 1.2922286987304688e-05
      },
      "max": {
        "contains": 1.239776611328125e-06,
        "delete": 9.059906005859375e-06,
        "edit_distance": 0.0014032840728759766,
        "insert": 5.2309036254882814e-05,
        "prefixes_of": 2.894401550292969e-05,
        "size": 17768.0,
        "starts_with": 2.78472900390625e-05
      }
    },
    "rtrie_lexicon": {
      "mean": {
        "contains": 1.5039443969726562e-05,
        "delete": 7.227897644042968e-05,
        "edit_distance": 0.00033238410949707034,
        "insert": 0.001181497573852539,
        "prefixes_of": 1.0213851928710937e-05,
        "size": 22918.4,
        "starts_with": 8.73565673828125e-06
      },
      "std": {
        "contains": 1.602951844789326e-06,
        "delete": 3.37162694787548e-05,
        "edit_distance": 6.1021104299994284e-05,
        "insert": 0.0002290987944231591,
        "prefixes_of": 5.036443223334511e-07,
        "size": 0.0,
        "starts_with": 2.8096368013881877e-06
      },
      "min": {
        "contains": 1.3780593872070312e-05,
        "delete": 5.402565002441406e-05,
        "edit_distance": 0.0002940177917480469,
        "insert": 0.0009988784790039063,
        "prefixes_of": 9.632110595703125e-06,
        "size": 22918.4,
        "starts_with": 7.2479248046875e-06
      },
      "max": {
        "contains": 1.7595291137695312e-05,
        "delete": 0.00013146400451660156,
        "edit_distance": 0.00043807029724121096,
        "insert": 0.0015375614166259766,
        "prefixes_of": 1.0824203491210937e-05,
        "size": 22918.4,
        "starts_with": 1.3589859008789062e-05
      }
    },
    "dict": {
      "mean": {
        "contains": 5.817413330078126e-07,
        "delete": 8.487701416015625e-07,
        "edit_distance": 0.0006357002258300782,
        "insert": 7.152557373046875e-06,
        "prefixes_of": 2.2478103637695313e-05,
        "size": 15544.0,
        "starts_with": 1.9025802612304687e-05
      },
      "std": {
        "contains": 1.72142891281746e-07,
        "delete": 3.3770454212268327e-07,
        "edit_distance": 7.763652247718664e-05,
        "insert": 1.351258055893203e-06,
        "prefixes_of": 7.436854182921544e-06,
        "size": 0.0,
        "starts_with": 1.7266528430716646e-06
      },
      "min": {
        "contains": 4.76837158203125e-07,
        "delete": 5.245208740234375e-07,
        "edit_distance": 0.0005708694458007813,
        "insert": 6.055831909179687e-06,
        "prefixes_of": 1.8644332885742188e-05,
        "size": 15544.0,
        "starts_with": 1.778602600097656e-05
      },
      "max": {
        "contains": 8.58306884765625e-07,
        "delete": 1.2874603271484376e-06,
        "edit_distance": 0.0007523536682128906,
        "insert": 9.393692016601562e-06,
        "prefixes_of": 3.54766845703125e-05,
        "size": 15544.0,
        "starts_with": 2.1886825561523437e-05
      }
    },
    "sorted_dict": {
      "mean": {
        "contains": 5.340576171875e-07,
        "delete": 9.021759033203126e-06,
        "edit_distance": 0.000667257308959961,
        "insert": 5.108833312988282e-05,
        "prefixes_of": 2.0875930786132813e-05,
        "size": 15560.0,
        "starts_with": 1.3427734375000002e-05
      },
      "std": {
        "contains": 1.1141667077565183e-07,
        "delete": 3.902662881543643e-06,
        "edit_distance": 8.250820551847544e-05,
        "insert": 3.0749883935098375e-06,
        "prefixes_of": 4.97357261302513e-06,
        "size": 0.0,
        "starts_with": 3.617417896770445e-07
      },
      "min": {
        "contains": 4.76837158203125e-07,
        "delete": 6.4849853515625e-06,
        "edit_distance": 0.000610971450805664,
        "insert": 4.773139953613281e-05,
        "prefixes_of": 1.7690658569335938e-05,
        "size": 15560.0,
        "starts_with": 1.3065338134765624e-05
      },
      "max": {
        "contains": 7.152557373046875e-07,
        "delete": 1.5497207641601562e-05,
        "edit_distance": 0.0008087635040283203,
        "insert": 5.469322204589844e-05,
        "prefixes_of": 2.9277801513671874e-05,
        "size": 15560.0,
        "starts_with": 1.3875961303710938e-05
      }
    },
    "rtrie": {
      "mean": {
        "contains": 1.556396484375e-05,
        "delete": 8.575439453125e-05,
        "edit_distance": 0.00033412933349609376,
        "insert": 0.0011824417114257811,
        "prefixes_of": 1.0528564453125001e-05,
        "size": 20531.2,
        "starts_with": 9.450912475585938e-06
      },
      "std": {
        "contains": 4.717986575313083e-06,
        "delete": 4.8309469282212456e-05,
        "edit_distance": 5.984068110599505e-05,
        "insert": 0.00030790940751899206,
        "prefixes_of": 3.081566183713714e-06,
        "size": 0.0,
        "starts_with": 5.747664385469425e-06
      },
      "min": {
        "contains": 1.2922286987304688e-05,
        "delete": 5.593299865722656e-05,
        "edit_distance": 0.0002843379974365234,
        "insert": 0.0009618759155273438,
        "prefixes_of": 8.726119995117188e-06,
        "size": 20531.2,
        "starts_with": 6.4373016357421875e-06
      },
      "max": {
        "contains": 2.3698806762695314e-05,
        "delete": 0.00016980171203613282,
        "edit_distance": 0.00043172836303710936,
        "insert": 0.0016841888427734375,
        "prefixes_of": 1.583099365234375e-05,
        "size": 20531.2,
        "starts_with": 1.9550323486328125e-05
      }
    }
  }
}