,mean,std,min,max
build,1.6689300537109374e-07,1.1860563194812824e-07,0.0,2.384185791015625e-07
contains,1.430511474609375e-07,1.3760571201878852e-07,0.0,3.5762786865234375e-07
delete,7.152557373046875e-08,6.529361695112779e-08,0.0,1.1920928955078125e-07
insert,1.6689300537109374e-07,1.1860563194812824e-07,0.0,2.384185791015625e-07
size,80.0,0.0,80.0,80.0
