,mean,std,min,max
build,1.4305114746093752e-07,1.1860563194812824e-07,0.0,2.384185791015625e-07
contains,1.6689300537109374e-07,1.1860563194812824e-07,0.0,2.384185791015625e-07
delete,4.76837158203125e-08,1.0662402999400092e-07,0.0,2.384185791015625e-07
insert,1.4305114746093752e-07,1.1860563194812824e-07,0.0,2.384185791015625e-07
size,2012.0,25.298221281347036,1980.0,2044.0
