,mean,std,min,max
build,6.723403930664062e-06,3.7189812416473067e-06,4.0531158447265625e-06,1.3113021850585938e-05
contains,2.1457672119140626e-07,1.3760571201878852e-07,0.0,3.5762786865234375e-07
delete,1.1920928955078125e-07,1.5304966235566538e-07,0.0,3.5762786865234375e-07
insert,1.6689300537109374e-07,1.6503126430979274e-07,0.0,3.5762786865234375e-07
size,136.0,0.0,136.0,136.0
